{"assets/fonts/avenir/AvenirLTStd-Black.otf":["assets/fonts/avenir/AvenirLTStd-Black.otf"],"assets/fonts/avenir/AvenirLTStd-Heavy.otf":["assets/fonts/avenir/AvenirLTStd-Heavy.otf"],"assets/fonts/avenir/AvenirLTStd-Light.otf":["assets/fonts/avenir/AvenirLTStd-Light.otf"],"assets/fonts/avenir/AvenirLTStd-Medium.otf":["assets/fonts/avenir/AvenirLTStd-Medium.otf"],"assets/fonts/avenir/AvenirLTStd-Roman.otf":["assets/fonts/avenir/AvenirLTStd-Roman.otf"],"assets/fonts/roboto/Roboto-ExtraBold.ttf":["assets/fonts/roboto/Roboto-ExtraBold.ttf"],"assets/fonts/roboto/Roboto-Medium.ttf":["assets/fonts/roboto/Roboto-Medium.ttf"],"assets/jpegs/merchant1_logo.jpeg":["assets/jpegs/merchant1_logo.jpeg"],"assets/pngs/merchant10_logo.png":["assets/pngs/merchant10_logo.png"],"assets/pngs/merchant2.png":["assets/pngs/merchant2.png"],"assets/pngs/merchant3.png":["assets/pngs/merchant3.png"],"assets/pngs/merchant4_logo.png":["assets/pngs/merchant4_logo.png"],"assets/pngs/merchant5.png":["assets/pngs/merchant5.png"],"assets/pngs/merchant6_logo.png":["assets/pngs/merchant6_logo.png"],"assets/pngs/merchant7.png":["assets/pngs/merchant7.png"],"assets/pngs/merchant8_logo.png":["assets/pngs/merchant8_logo.png"],"assets/pngs/merchant9.png":["assets/pngs/merchant9.png"],"assets/pngs/roll_one_badge2.png":["assets/pngs/roll_one_badge2.png"],"assets/pngs/roll_one_item1.png":["assets/pngs/roll_one_item1.png"],"assets/pngs/roll_one_item2.png":["assets/pngs/roll_one_item2.png"],"assets/pngs/roll_one_item3.png":["assets/pngs/roll_one_item3.png"],"assets/pngs/roll_two_badge1.png":["assets/pngs/roll_two_badge1.png"],"assets/pngs/roll_two_badge2.png":["assets/pngs/roll_two_badge2.png"],"assets/pngs/roll_two_item1.png":["assets/pngs/roll_two_item1.png"],"assets/pngs/roll_two_item2.png":["assets/pngs/roll_two_item2.png"],"assets/pngs/roll_two_item3.png":["assets/pngs/roll_two_item3.png"],"assets/svgs/alert.svg":["assets/svgs/alert.svg"],"assets/svgs/scan.svg":["assets/svgs/scan.svg"],"assets/svgs/search.svg":["assets/svgs/search.svg"],"packages/cupertino_icons/assets/CupertinoIcons.ttf":["packages/cupertino_icons/assets/CupertinoIcons.ttf"]}