[{"family":"MaterialIcons","fonts":[{"asset":"fonts/MaterialIcons-Regular.otf"}]},{"family":"AvenirLTStd-Light","fonts":[{"asset":"assets/fonts/avenir/AvenirLTStd-Light.otf"}]},{"family":"AvenirLTStd-Medium","fonts":[{"asset":"assets/fonts/avenir/AvenirLTStd-Medium.otf"}]},{"family":"AvenirLTStd-Heavy","fonts":[{"asset":"assets/fonts/avenir/AvenirLTStd-Heavy.otf"}]},{"family":"AvenirLTStd-Roman","fonts":[{"asset":"assets/fonts/avenir/AvenirLTStd-Roman.otf"}]},{"family":"AvenirLTStd-Black","fonts":[{"asset":"assets/fonts/avenir/AvenirLTStd-Black.otf"}]},{"family":"RobotoMedium","fonts":[{"asset":"assets/fonts/roboto/Roboto-Medium.ttf"}]},{"family":"RobotoExtraBold","fonts":[{"asset":"assets/fonts/roboto/Roboto-ExtraBold.ttf"}]},{"family":"packages/cupertino_icons/CupertinoIcons","fonts":[{"asset":"packages/cupertino_icons/assets/CupertinoIcons.ttf"}]}]